Unnamed: 0,Unnamed: 1,본선,Unnamed: 3,ICJC1,Unnamed: 5,ICJC2,Unnamed: 7,ICJC3,Unnamed: 9,ICJC4,Unnamed: 11,ICJC5,Unnamed: 13,ICJC6,Unnamed: 15,ICJC7,Unnamed: 17,ICJC8,Unnamed: 19,ICJC9,Unnamed: 21,기타1,Unnamed: 23,기타2,Unnamed: 25,기타3,Unnamed: 27,기타4,Unnamed: 29,기타5,Unnamed: 32,,이벤트발생
공사일지일자,토공,0~1240,,Ramp-A,,Ramp-B,,Ramp-C,,Ramp-D,,Ramp-E,,Ramp-F,,Ramp-G,,Ramp-H,,Ramp-I,,분류불능,,C/R장,,부체도로,,임목파쇄장,,산외교 함양방향,,,
20150701,이벤트발생,, ,, ,, ,, ,, ,, ,, ,, ,, ,, ,, ,, ,, ,, ,, ,,이벤트발생
20150702,이벤트발생,, ,, ,, ,, ,, ,, ,, ,, ,, ,, ,, ,, ,, ,, ,, ,,이벤트발생
20150703,이벤트발생,, ,, ,, ,, ,, ,, ,, ,, ,, ,, ,, ,, ,, ,, ,, ,,이벤트발생
20150706,이벤트발생,, ,, ,, ,, ,, ,, ,, ,, ,, ,, ,, ,, ,, ,, ,, ,,이벤트발생
20150707,이벤트발생,, ,, ,, ,, ,, ,, ,, ,, ,, ,, ,, ,, ,, ,, ,, ,,이벤트발생
20150708,이벤트발생,, ,, ,, ,, ,, ,, ,, ,, ,, ,, ,, ,, ,, ,, ,, ,,이벤트발생
20150709,이벤트발생,, ,, ,, ,, ,, ,, ,, ,, ,, ,, ,, ,, ,, ,, ,, ,,이벤트발생
20150710,이벤트발생,, ,, ,, ,, ,, ,, ,, ,, ,, ,, ,, ,, ,, ,, ,, ,,이벤트발생
20150713,이벤트발생,, ,, ,, ,, ,, ,, ,, ,, ,, ,, ,, ,, ,, ,, ,, ,,이벤트발생
20150715,이벤트발생,, ,, ,, ,, ,, ,, ,, ,, ,, ,, ,, ,, ,, ,, ,, ,,이벤트발생
20150716,이벤트발생,, ,, ,, ,, ,, ,, ,, ,, ,, ,, ,, ,, ,, ,, ,, ,,이벤트발생
20150717,이벤트발생,, ,, ,, ,, ,, ,, ,, ,, ,, ,, ,, ,, ,, ,, ,, ,,이벤트발생
20150720,이벤트발생,, ,, ,, ,, ,, ,, ,, ,, ,, ,, ,, ,, ,, ,, ,, ,,이벤트발생
20150721,이벤트발생,, ,, ,, ,, ,, ,, ,, ,, ,, ,, ,, ,, ,, ,, ,, ,,이벤트발생
20150722,이벤트발생,, ,, ,, ,, ,, ,, ,, ,, ,, ,, ,, ,, ,, ,, ,, ,,이벤트발생
20150723,이벤트발생,, ,, ,, ,, ,, ,, ,, ,, ,, ,, ,, ,, ,, ,, ,, ,,이벤트발생
20150724,이벤트발생,, ,, ,, ,, ,, ,, ,, ,, ,, ,, ,, ,, ,, ,, ,, ,,이벤트발생
20150727,이벤트발생,, ,, ,, ,, ,, ,, ,, ,, ,, ,, ,, ,, ,, ,, ,, ,,이벤트발생
20150728,이벤트발생,, ,, ,, ,, ,, ,, ,, ,, ,, ,, ,, ,, ,, ,, ,, ,,이벤트발생
20150729,이벤트발생,, ,, ,, ,, ,, ,, ,, ,, ,, ,, ,, ,, ,, ,, ,, ,,이벤트발생
20150730,이벤트발생,, ,, ,, ,, ,, ,, ,, ,, ,, ,, ,, ,, ,, ,, ,, ,,이벤트발생
20150731,이벤트발생,, ,, ,, ,, ,, ,, ,, ,, ,, ,, ,, ,, ,, ,, ,, ,,이벤트발생
20150803,이벤트발생,, ,, ,, ,, ,, ,, ,, ,, ,, ,, ,, ,, ,, ,, ,, ,,이벤트발생
20150804,이벤트발생,, ,, ,, ,, ,, ,, ,, ,, ,, ,, ,, ,, ,, ,, ,, ,,이벤트발생
20150805,이벤트발생,, ,, ,, ,, ,, ,, ,, ,, ,, ,, ,, ,, ,, ,, ,, ,,이벤트발생
20150806,이벤트발생,, ,, ,, ,, ,, ,, ,, ,, ,, ,, ,, ,, ,, ,, ,, ,,이벤트발생
20150807,이벤트발생,, ,, ,, ,, ,, ,, ,, ,, ,, ,, ,, ,, ,, ,, ,, ,,이벤트발생
20150810,이벤트발생,, ,, ,, ,, ,, ,, ,, ,, ,, ,, ,, ,, ,, ,, ,, ,,이벤트발생
20150811,이벤트발생,, ,, ,, ,, ,, ,, ,, ,, ,, ,, ,, ,, ,, ,, ,, ,,이벤트발생
20150812,이벤트발생,, ,, ,, ,, ,, ,, ,, ,, ,, ,, ,, ,, ,, ,, ,, ,,이벤트발생
20150813,이벤트발생,, ,, ,, ,, ,, ,, ,, ,, ,, ,, ,, ,, ,, ,, ,, ,,이벤트발생
20150817,이벤트발생,, ,, ,, ,, ,, ,, ,, ,, ,, ,, ,, ,, ,, ,, ,, ,,이벤트발생
20150818,이벤트발생,, ,, ,, ,, ,, ,, ,, ,, ,, ,, ,, ,, ,, ,, ,, ,,이벤트발생
20150819,이벤트발생,, ,, ,, ,, ,, ,, ,, ,, ,, ,, ,, ,, ,, ,, ,, ,,이벤트발생
20150820,이벤트발생,, ,, ,, ,, ,, ,, ,, ,, ,, ,, ,, ,, ,, ,, ,, ,,이벤트발생
20150821,이벤트발생,, ,, ,, ,, ,, ,, ,, ,, ,, ,, ,, ,, ,, ,, ,, ,,이벤트발생
20150824,이벤트발생,, ,, ,, ,, ,, ,, ,, ,, ,, ,, ,, ,, ,, ,, ,, ,,이벤트발생
20150825,이벤트발생,, ,, ,, ,, ,, ,, ,, ,, ,, ,, ,, ,, ,, ,, ,, ,,이벤트발생
20150826,이벤트발생,, ,, ,, ,, ,, ,, ,, ,, ,, ,, ,, ,, ,, ,, ,, ,,이벤트발생
20150827,이벤트발생,, ,, ,, ,, ,, ,, ,, ,, ,, ,, ,, ,, ,, ,, ,, ,,이벤트발생
20150828,이벤트발생,, ,, ,, ,, ,, ,, ,, ,, ,, ,, ,, ,, ,, ,, ,, ,,이벤트발생
20150831,이벤트발생,, ,, ,, ,, ,, ,, ,, ,, ,, ,, ,, ,, ,, ,, ,, ,,이벤트발생
20150901,이벤트발생,, ,, ,, ,, ,, ,, ,, ,, ,, ,, ,, ,, ,, ,, ,, ,,이벤트발생
20150902,이벤트발생,, ,, ,, ,, ,, ,, ,, ,, ,, ,, ,, ,, ,, ,, ,, ,,이벤트발생
20150903,이벤트발생,, ,, ,, ,, ,, ,, ,, ,, ,, ,, ,, ,, ,, ,, ,, ,,이벤트발생
20150904,이벤트발생,, ,, ,, ,, ,, ,, ,, ,, ,, ,, ,, ,, ,, ,, ,, ,,이벤트발생
20150907,이벤트발생,, ,, ,, ,, ,, ,, ,, ,, ,, ,, ,, ,, ,, ,, ,, ,,이벤트발생
20150908,이벤트발생,, ,, ,, ,, ,, ,, ,, ,, ,, ,, ,, ,, ,, ,, ,, ,,이벤트발생
20150909,이벤트발생,, ,, ,, ,, ,, ,, ,, ,, ,, ,, ,, ,, ,, ,, ,, ,,이벤트발생
20150910,이벤트발생,, ,, ,, ,, ,, ,, ,, ,, ,, ,, ,, ,, ,, ,, ,, ,,이벤트발생
20150911,이벤트발생,, ,, ,, ,, ,, ,, ,, ,, ,, ,, ,, ,, ,, ,, ,, ,,이벤트발생
20150914,이벤트발생,, ,, ,, ,, ,, ,, ,, ,, ,, ,, ,, ,, ,, ,, ,, ,,이벤트발생
20150915,이벤트발생,, ,, ,, ,, ,, ,, ,, ,, ,, ,, ,, ,, ,, ,, ,, ,,이벤트발생
20150916,이벤트발생,, ,, ,, ,, ,, ,, ,, ,, ,, ,, ,, ,, ,, ,, ,, ,,이벤트발생
20150917,이벤트발생,, ,, ,, ,, ,, ,, ,, ,, ,, ,, ,, ,, ,, ,, ,, ,,이벤트발생
20150918,이벤트발생,, ,, ,, ,, ,, ,, ,, ,, ,, ,, ,, ,, ,, ,, ,, ,,이벤트발생
20150921,이벤트발생,, ,, ,, ,, ,, ,, ,, ,, ,, ,, ,, ,, ,, ,, ,, ,,이벤트발생
20150922,이벤트발생,, ,, ,, ,, ,, ,, ,, ,, ,, ,, ,, ,, ,, ,, ,, ,,이벤트발생
20150923,이벤트발생,, ,, ,, ,, ,, ,, ,, ,, ,, ,, ,, ,, ,, ,, ,, ,,이벤트발생
20150924,이벤트발생,, ,, ,, ,, ,, ,, ,, ,, ,, ,, ,, ,, ,, ,, ,, ,,이벤트발생
20150925,이벤트발생,, ,, ,, ,, ,, ,, ,, ,, ,, ,, ,, ,, ,, ,, ,, ,,이벤트발생
20150930,이벤트발생,, ,, ,, ,, ,, ,, ,, ,, ,, ,, ,, ,, ,, ,, ,, ,,이벤트발생
20151001,이벤트발생,, ,, ,, ,, ,, ,, ,, ,, ,, ,, ,, ,, ,, ,, ,, ,,이벤트발생
20151002,이벤트발생,, ,, ,, ,, ,, ,, ,, ,, ,, ,, ,, ,, ,, ,, ,, ,,이벤트발생
20151005,이벤트발생,, ,, ,, ,, ,, ,, ,, ,, ,, ,, ,, ,, ,, ,, ,, ,,이벤트발생
20151006,이벤트발생,, ,, ,, ,, ,, ,, ,, ,, ,, ,, ,, ,, ,, ,, ,, ,,이벤트발생
20151007,이벤트발생,, ,, ,, ,, ,, ,, ,, ,, ,, ,, ,, ,, ,, ,, ,, ,,이벤트발생
20151008,이벤트발생,, ,, ,, ,, ,, ,, ,, ,, ,, ,, ,, ,, ,, ,, ,, ,,이벤트발생
20151012,이벤트발생,, ,, ,, ,, ,, ,, ,, ,, ,, ,, ,, ,, ,, ,, ,, ,,이벤트발생
20151013,이벤트발생,, ,, ,, ,, ,, ,, ,, ,, ,, ,, ,, ,, ,, ,, ,, ,,이벤트발생
20151014,이벤트발생,, ,, ,, ,, ,, ,, ,, ,, ,, ,, ,, ,, ,, ,, ,, ,,이벤트발생
20151015,이벤트발생,, ,, ,, ,, ,, ,, ,, ,, ,, ,, ,, ,, ,, ,, ,, ,,이벤트발생
20151016,이벤트발생,, ,, ,, ,, ,, ,, ,, ,, ,, ,, ,, ,, ,, ,, ,, ,,이벤트발생
20151019,이벤트발생,, ,, ,, ,, ,, ,, ,, ,, ,, ,, ,, ,, ,, ,, ,, ,,이벤트발생
20151020,이벤트발생,, ,, ,, ,, ,, ,, ,, ,, ,, ,, ,, ,, ,, ,, ,, ,,이벤트발생
20151021,이벤트발생,, ,, ,, ,, ,, ,, ,, ,, ,, ,, ,, ,, ,, ,, ,, ,,이벤트발생
20151022,이벤트발생,, ,, ,, ,, ,, ,, ,, ,, ,, ,, ,, ,, ,, ,, ,, ,,이벤트발생
20151023,이벤트발생,, ,, ,, ,, ,, ,, ,, ,, ,, ,, ,, ,, ,, ,, ,, ,,이벤트발생
20151024,이벤트발생,, ,, ,, ,, ,, ,, ,, ,, ,, ,, ,, ,, ,, ,, ,, ,,이벤트발생
20151025,이벤트발생,, ,, ,, ,, ,, ,, ,, ,, ,, ,, ,, ,, ,, ,, ,, ,,이벤트발생
20151026,이벤트발생,, ,, ,, ,, ,, ,, ,, ,, ,, ,, ,, ,, ,, ,, ,, ,,이벤트발생
20151027,이벤트발생,, ,, ,, ,, ,, ,, ,, ,, ,, ,, ,, ,, ,, ,, ,, ,,이벤트발생
20151028,이벤트발생,, ,, ,, ,, ,, ,, ,, ,, ,, ,, ,, ,, ,, ,, ,, ,,이벤트발생
20151029,이벤트발생,, ,, ,, ,, ,, ,, ,, ,, ,, ,, ,, ,, ,, ,, ,, ,,이벤트발생
20151030,이벤트발생,, ,, ,, ,, ,, ,, ,, ,, ,, ,, ,, ,, ,, ,, ,, ,,이벤트발생
20151031,이벤트발생,, ,, ,, ,, ,, ,, ,, ,, ,, ,, ,, ,, ,, ,, ,, ,,이벤트발생
20151101,이벤트발생,, ,, ,, ,, ,, ,, ,, ,, ,, ,, ,, ,, ,, ,, ,, ,,이벤트발생
20151102,이벤트발생,, ,, ,, ,, ,, ,, ,, ,, ,, ,, ,, ,, ,, ,, ,, ,,이벤트발생
20151103,이벤트발생,, ,, ,, ,, ,, ,, ,, ,, ,, ,, ,, ,, ,, ,, ,, ,,이벤트발생
20151104,이벤트발생,, ,, ,, ,, ,, ,, ,, ,, ,, ,, ,, ,, ,, ,, ,, ,,이벤트발생
20151105,이벤트발생,, ,, ,, ,, ,, ,, ,, ,, ,, ,, ,, ,, ,, ,, ,, ,,이벤트발생
20151106,이벤트발생,, ,, ,, ,, ,, ,, ,, ,, ,, ,, ,, ,, ,, ,, ,, ,,이벤트발생
20151107,이벤트발생,, ,, ,, ,, ,, ,, ,, ,, ,, ,, ,, ,, ,, ,, ,, ,,이벤트발생
20151108,이벤트발생,, ,, ,, ,, ,, ,, ,, ,, ,, ,, ,, ,, ,, ,, ,, ,,이벤트발생
20151109,이벤트발생,, ,, ,, ,, ,, ,, ,, ,, ,, ,, ,, ,, ,, ,, ,, ,,이벤트발생
20151110,이벤트발생,, ,, ,, ,, ,, ,, ,, ,, ,, ,, ,, ,, ,, ,, ,, ,,이벤트발생
20151111,이벤트발생,, ,, ,, ,, ,, ,, ,, ,, ,, ,, ,, ,, ,, ,, ,, ,,이벤트발생
20151112,이벤트발생,, ,, ,, ,, ,, ,, ,, ,, ,, ,, ,, ,, ,, ,, ,, ,,이벤트발생
20151113,이벤트발생,, ,, ,, ,, ,, ,, ,, ,, ,, ,, ,, ,, ,, ,, ,, ,,이벤트발생
20151114,이벤트발생,, ,, ,, ,, ,, ,, ,, ,, ,, ,, ,, ,, ,, ,, ,, ,,이벤트발생
20151115,이벤트발생,, ,, ,, ,, ,, ,, ,, ,, ,, ,, ,, ,, ,, ,, ,, ,,이벤트발생
20151116,이벤트발생,, ,, ,, ,, ,, ,, ,, ,, ,, ,, ,, ,, ,, ,, ,, ,,이벤트발생
20151117,이벤트발생,, ,, ,, ,, ,, ,, ,, ,, ,, ,, ,, ,, ,, ,, ,, ,,이벤트발생
20151118,이벤트발생,, ,, ,, ,, ,, ,, ,, ,, ,, ,, ,, ,, ,, ,, ,, ,,이벤트발생
20151119,이벤트발생,, ,, ,, ,, ,, ,, ,, ,, ,, ,, ,, ,, ,, ,, ,, ,,이벤트발생
20151120,이벤트발생,, ,, ,, ,, ,, ,, ,, ,, ,, ,, ,, ,, ,, ,, ,, ,,이벤트발생
20151121,이벤트발생,, ,, ,, ,, ,, ,, ,, ,, ,, ,, ,, ,, ,, ,, ,, ,,이벤트발생
20151122,이벤트발생,, ,, ,, ,, ,, ,, ,, ,, ,, ,, ,, ,, ,, ,, ,, ,,이벤트발생
20151123,이벤트발생,, ,, ,, ,, ,, ,, ,, ,, ,, ,, ,, ,, ,, ,, ,, ,,이벤트발생
20151124,이벤트발생,, ,, ,, ,, ,, ,, ,, ,, ,, ,, ,, ,, ,, ,, ,, ,,이벤트발생
20151125,이벤트발생,, ,, ,, ,, ,, ,, ,, ,, ,, ,, ,, ,, ,, ,, ,, ,,이벤트발생
20151126,이벤트발생,, ,, ,, ,, ,, ,, ,, ,, ,, ,, ,, ,, ,, ,, ,, ,,이벤트발생
20151127,이벤트발생,, ,, ,, ,, ,, ,, ,, ,, ,, ,, ,, ,, ,, ,, ,, ,,이벤트발생
20151128,이벤트발생,, ,, ,, ,, ,, ,, ,, ,, ,, ,, ,, ,, ,, ,, ,, ,,이벤트발생
20151129,이벤트발생,, ,, ,, ,, ,, ,, ,, ,, ,, ,, ,, ,, ,, ,, ,, ,,이벤트발생
20151130,이벤트발생,, ,, ,, ,, ,, ,, ,, ,, ,, ,, ,, ,, ,, ,, ,, ,,이벤트발생
20151201,이벤트발생,, ,, ,, ,, ,, ,, ,, ,, ,, ,, ,, ,, ,, ,, ,, ,,이벤트발생
20151202,이벤트발생,, ,, ,, ,, ,, ,, ,, ,, ,, ,, ,, ,, ,, ,, ,, ,,이벤트발생
20151203,이벤트발생,, ,, ,, ,, ,, ,, ,, ,, ,, ,, ,, ,, ,, ,, ,, ,,이벤트발생
20151204,이벤트발생,, ,, ,, ,, ,, ,, ,, ,, ,, ,, ,, ,, ,, ,, ,, ,,이벤트발생
20151205,이벤트발생,, ,, ,, ,, ,, ,, ,, ,, ,, ,, ,, ,, ,, ,, ,, ,,이벤트발생
20151206,이벤트발생,, ,, ,, ,, ,, ,, ,, ,, ,, ,, ,, ,, ,, ,, ,, ,,이벤트발생
20151207,이벤트발생,, ,, ,, ,, ,, ,, ,, ,, ,, ,, ,, ,, ,, ,, ,, ,,이벤트발생
20151208,이벤트발생,, ,, ,, ,, ,, ,, ,, ,, ,, ,, ,, ,, ,, ,, ,, ,,이벤트발생
20151209,이벤트발생,, ,, ,, ,, ,, ,, ,, ,, ,, ,, ,, ,, ,, ,, ,, ,,이벤트발생
20151210,이벤트발생,, ,, ,, ,, ,, ,, ,, ,, ,, ,, ,, ,, ,, ,, ,, ,,이벤트발생
20151211,이벤트발생,, ,, ,, ,, ,, ,, ,, ,, ,, ,, ,, ,, ,, ,, ,, ,,이벤트발생
20151212,이벤트발생,, ,, ,, ,, ,, ,, ,, ,, ,, ,, ,, ,, ,, ,, ,, ,,이벤트발생
20151213,이벤트발생,, ,, ,, ,, ,, ,, ,, ,, ,, ,, ,, ,, ,, ,, ,, ,,이벤트발생
20151214,이벤트발생,, ,, ,, ,, ,, ,, ,, ,, ,, ,, ,, ,, ,, ,, ,, ,,이벤트발생
20151215,이벤트발생,, ,, ,, ,, ,, ,, ,, ,, ,, ,, ,, ,, ,, ,, ,, ,,이벤트발생
20151216,이벤트발생,, ,, ,, ,, ,, ,, ,, ,, ,, ,, ,, ,, ,, ,, ,, ,,이벤트발생
20151217,이벤트발생,, ,, ,, ,, ,, ,, ,, ,, ,, ,, ,, ,, ,, ,, ,, ,,이벤트발생
20151218,이벤트발생,, ,, ,, ,, ,, ,, ,, ,, ,, ,, ,, ,, ,, ,, ,, ,,이벤트발생
20151221,이벤트발생,, ,, ,, ,, ,, ,, ,, ,, ,, ,, ,, ,, ,, ,, ,, ,,이벤트발생
20151222,이벤트발생,, ,, ,, ,, ,, ,, ,, ,, ,, ,, ,, ,, ,, ,, ,, ,,이벤트발생
20151223,이벤트발생,, ,, ,, ,, ,, ,, ,, ,, ,, ,, ,, ,, ,, ,, ,, ,,이벤트발생
20151224,이벤트발생,, ,, ,, ,, ,, ,, ,, ,, ,, ,, ,, ,, ,, ,, ,, ,,이벤트발생
20151228,이벤트발생,, ,, ,, ,, ,, ,, ,, ,, ,, ,, ,, ,, ,, ,, ,, ,,이벤트발생
20151229,이벤트발생,, ,, ,, ,, ,, ,, ,, ,, ,, ,, ,, ,, ,, ,, ,, ,,이벤트발생
20151230,이벤트발생,, ,, ,, ,, ,, ,, ,, ,, ,, ,, ,, ,, ,, ,, ,, ,,이벤트발생
20151231,이벤트발생,, ,, ,, ,, ,, ,, ,, ,, ,, ,, ,, ,, ,, ,, ,, ,,이벤트발생
20160104,이벤트발생,, ,, ,, ,, ,, ,, ,, ,, ,, ,, ,, ,, ,, ,, ,, ,,이벤트발생
20160105,이벤트발생,, ,, ,, ,, ,, ,, ,, ,, ,, ,, ,, ,, ,, ,, ,, ,,이벤트발생
20160106,이벤트발생,, ,, ,, ,, ,, ,, ,, ,, ,, ,, ,, ,, ,, ,, ,, ,,이벤트발생
20160107,이벤트발생,, ,, ,, ,, ,, ,, ,, ,, ,, ,, ,, ,, ,, ,, ,, ,,이벤트발생
20160108,이벤트발생,, ,, ,, ,, ,, ,, ,, ,, ,, ,, ,, ,, ,, ,, ,, ,,이벤트발생
20160111,이벤트발생,, ,, ,, ,, ,, ,, ,, ,, ,, ,, ,, ,, ,, ,, ,, ,,이벤트발생
20160112,이벤트발생,, ,, ,, ,, ,, ,, ,, ,, ,, ,, ,, ,, ,, ,, ,, ,,이벤트발생
20160113,이벤트발생,, ,, ,, ,, ,, ,, ,, ,, ,, ,, ,, ,, ,, ,, ,, ,,이벤트발생
20160114,이벤트발생,, ,, ,, ,, ,, ,, ,, ,, ,, ,, ,, ,, ,, ,, ,, ,,이벤트발생
20160118,이벤트발생,, ,, ,, ,, ,, ,, ,, ,, ,, ,, ,, ,, ,, ,, ,, ,,이벤트발생
20160119,이벤트발생,, ,, ,, ,, ,, ,, ,, ,, ,, ,, ,, ,, ,, ,, ,, ,,이벤트발생
20160120,이벤트발생,, ,, ,, ,, ,, ,, ,, ,, ,, ,, ,, ,, ,, ,, ,, ,,이벤트발생
20160121,이벤트발생,, ,, ,, ,, ,, ,, ,, ,, ,, ,, ,, ,, ,, ,, ,, ,,이벤트발생
20160122,이벤트발생,, ,, ,, ,, ,, ,, ,, ,, ,, ,, ,, ,, ,, ,, ,, ,,이벤트발생
20160125,이벤트발생,, ,, ,, ,, ,, ,, ,, ,, ,, ,, ,, ,, ,, ,, ,, ,,이벤트발생
20160126,이벤트발생,, ,, ,, ,, ,, ,, ,, ,, ,, ,, ,, ,, ,, ,, ,, ,,이벤트발생
20160127,이벤트발생,, ,, ,, ,, ,, ,, ,, ,, ,, ,, ,, ,, ,, ,, ,, ,,이벤트발생
20160128,이벤트발생,, ,, ,, ,, ,, ,, ,, ,, ,, ,, ,, ,, ,, ,, ,, ,,이벤트발생
20160129,이벤트발생,, ,, ,, ,, ,, ,, ,, ,, ,, ,, ,, ,, ,, ,, ,, ,,이벤트발생
20160130,이벤트발생,, ,, ,, ,, ,, ,, ,, ,, ,, ,, ,, ,, ,, ,, ,, ,,이벤트발생
20160131,이벤트발생,, ,, ,, ,, ,, ,, ,, ,, ,, ,, ,, ,, ,, ,, ,, ,,이벤트발생
20160201,이벤트발생,, ,, ,, ,, ,, ,, ,, ,, ,, ,, ,, ,, ,, ,, ,, ,,이벤트발생
20160202,이벤트발생,, ,, ,, ,, ,, ,, ,, ,, ,, ,, ,, ,, ,, ,, ,, ,,이벤트발생
20160203,이벤트발생,, ,, ,, ,, ,, ,, ,, ,, ,, ,, ,, ,, ,, ,, ,, ,,이벤트발생
20160204,이벤트발생,, ,, ,, ,, ,, ,, ,, ,, ,, ,, ,, ,, ,, ,, ,, ,,이벤트발생
20160205,이벤트발생,, ,, ,, ,, ,, ,, ,, ,, ,, ,, ,, ,, ,, ,, ,, ,,이벤트발생
20160206,이벤트발생,, ,, ,, ,, ,, ,, ,, ,, ,, ,, ,, ,, ,, ,, ,, ,,이벤트발생
20160207,이벤트발생,, ,, ,, ,, ,, ,, ,, ,, ,, ,, ,, ,, ,, ,, ,, ,,이벤트발생
20160208,이벤트발생,, ,, ,, ,, ,, ,, ,, ,, ,, ,, ,, ,, ,, ,, ,, ,,이벤트발생
20160209,이벤트발생,, ,, ,, ,, ,, ,, ,, ,, ,, ,, ,, ,, ,, ,, ,, ,,이벤트발생
20160210,이벤트발생,, ,, ,, ,, ,, ,, ,, ,, ,, ,, ,, ,, ,, ,, ,, ,,이벤트발생
20160211,이벤트발생,, ,, ,, ,, ,, ,, ,, ,, ,, ,, ,, ,, ,, ,, ,, ,,이벤트발생
20160212,이벤트발생,, ,, ,, ,, ,, ,, ,, ,, ,, ,, ,, ,, ,, ,, ,, ,,이벤트발생
20160213,이벤트발생,, ,, ,, ,, ,, ,, ,, ,, ,, ,, ,, ,, ,, ,, ,, ,,이벤트발생
20160214,이벤트발생,, ,, ,, ,, ,, ,, ,, ,, ,, ,, ,, ,, ,, ,, ,, ,,이벤트발생
20160215,이벤트발생,, ,, ,, ,, ,, ,, ,, ,, ,, ,, ,, ,, ,, ,, ,, ,,이벤트발생
20160216,이벤트발생,, ,, ,, ,, ,, ,, ,, ,, ,, ,, ,, ,, ,, ,, ,, ,,이벤트발생
20160217,이벤트발생,, ,, ,, ,, ,, ,, ,, ,, ,, ,, ,, ,, ,, ,, ,, ,,이벤트발생
20160218,이벤트발생,, ,, ,, ,, ,, ,, ,, ,, ,, ,, ,, ,, ,, ,, ,, ,,이벤트발생
20160219,이벤트발생,, ,, ,, ,, ,, ,, ,, ,, ,, ,, ,, ,, ,, ,, ,, ,,이벤트발생
20160220,이벤트발생,, ,, ,, ,, ,, ,, ,, ,, ,, ,, ,, ,, ,, ,, ,, ,,이벤트발생
20160221,이벤트발생,, ,, ,, ,, ,, ,, ,, ,, ,, ,, ,, ,, ,, ,, ,, ,,이벤트발생
20160222,이벤트발생,, ,, ,, ,, ,, ,, ,, ,, ,, ,, ,, ,, ,, ,, ,, ,,이벤트발생
20160223,이벤트발생,, ,, ,, ,, ,, ,, ,, ,, ,, ,, ,, ,, ,, ,, ,, ,,이벤트발생
20160224,이벤트발생,, ,, ,, ,, ,, ,, ,, ,, ,, ,, ,, ,, ,, ,, ,, ,,이벤트발생
20160225,이벤트발생,, ,, ,, ,, ,, ,, ,, ,, ,, ,, ,, ,, ,, ,, ,, ,,이벤트발생
20160226,이벤트발생,, ,, ,, ,, ,, ,, ,, ,, ,, ,, ,, ,, ,, ,, ,, ,,이벤트발생
20160227,이벤트발생,, ,, ,, ,, ,, ,, ,, ,, ,, ,, ,, ,, ,, ,, ,, ,,이벤트발생
20160228,이벤트발생,, ,, ,, ,, ,, ,, ,, ,, ,, ,, ,, ,, ,, ,, ,, ,,이벤트발생
20160229,이벤트발생,, ,, ,, ,, ,, ,, ,, ,, ,, ,, ,, ,, ,, ,, ,, ,,이벤트발생
20160301,이벤트발생,, ,, ,, ,, ,, ,, ,, ,, ,, ,, ,, ,, ,, ,, ,, ,,이벤트발생
20160302,이벤트발생,, ,, ,, ,, ,, ,, ,, ,, ,, ,, ,, ,, ,, ,, ,, ,,이벤트발생
20160303,이벤트발생,, ,, ,, ,, ,, ,, ,, ,, ,, ,, ,, ,, ,, ,, ,, ,,이벤트발생
20160304,이벤트발생,, ,, ,, ,, ,, ,, ,, ,, ,, ,, ,, ,, ,, ,, ,, ,,이벤트발생
20160305,이벤트발생,, ,, ,, ,, ,, ,, ,, ,, ,, ,, ,, ,, ,, ,, ,, ,,이벤트발생
20160306,이벤트발생,, ,, ,, ,, ,, ,, ,, ,, ,, ,, ,, ,, ,, ,, ,, ,,이벤트발생
20160307,이벤트발생,, ,, ,, ,, ,, ,, ,, ,, ,, ,, ,, ,, ,, ,, ,, ,,이벤트발생
20160308,이벤트발생,, ,, ,, ,, ,, ,, ,, ,, ,, ,, ,, ,, ,, ,, ,, ,,이벤트발생
20160309,이벤트발생,, ,, ,, ,, ,, ,, ,, ,, ,, ,, ,, ,, ,, ,, ,, ,,이벤트발생
20160310,이벤트발생,, ,, ,, ,, ,, ,, ,, ,, ,, ,, ,, ,, ,, ,, ,, ,,이벤트발생
20160311,이벤트발생,, ,, ,, ,, ,, ,, ,, ,, ,, ,, ,, ,, ,, ,, ,, ,,이벤트발생
20160312,이벤트발생,, ,, ,, ,, ,, ,, ,, ,, ,, ,, ,, ,, ,, ,, ,, ,,이벤트발생
20160313,이벤트발생,, ,, ,, ,, ,, ,, ,, ,, ,, ,, ,, ,, ,, ,, ,, ,,이벤트발생
20160314,이벤트발생,, ,, ,, ,, ,, ,, ,, ,, ,, ,, ,, ,, ,, ,, ,, ,,이벤트발생
20160315,이벤트발생,, ,, ,, ,, ,, ,, ,, ,, ,, ,, ,, ,, ,, ,, ,, ,,이벤트발생
20160316,이벤트발생,, ,, ,, ,, ,, ,, ,, ,, ,, ,, ,, ,, ,, ,, ,, ,,이벤트발생
20160317,이벤트발생,, ,, ,, ,, ,, ,, ,, ,, ,, ,, ,, ,, ,, ,, ,, ,,이벤트발생
20160318,이벤트발생,, ,, ,, ,, ,, ,, ,, ,, ,, ,, ,, ,, ,, ,, ,, ,,이벤트발생
20160319,이벤트발생,, ,, ,, ,, ,, ,, ,, ,, ,, ,, ,, ,, ,, ,, ,, ,,이벤트발생
20160320,이벤트발생,, ,, ,, ,, ,, ,, ,, ,, ,, ,, ,, ,, ,, ,, ,, ,,이벤트발생
20160321,이벤트발생,, ,, ,, ,, ,, ,, ,, ,, ,, ,, ,, ,, ,, ,, ,, ,,이벤트발생
20160322,이벤트발생,, ,, ,, ,, ,, ,, ,, ,, ,, ,, ,, ,, ,, ,, ,, ,,이벤트발생
20160323,이벤트발생,, ,, ,, ,, ,, ,, ,, ,, ,, ,, ,, ,, ,, ,, ,, ,,이벤트발생
20160324,이벤트발생,, ,, ,, ,, ,, ,, ,, ,, ,, ,, ,, ,, ,, ,, ,, ,,이벤트발생
20160325,이벤트발생,, ,, ,, ,, ,, ,, ,, ,, ,, ,, ,, ,, ,, ,, ,, ,,이벤트발생
20160326,이벤트발생,, ,, ,, ,, ,, ,, ,, ,, ,, ,, ,, ,, ,, ,, ,, ,,이벤트발생
20160327,이벤트발생,, ,, ,, ,, ,, ,, ,, ,, ,, ,, ,, ,, ,, ,, ,, ,,이벤트발생
20160328,이벤트발생,, ,, ,, ,, ,, ,, ,, ,, ,, ,, ,, ,, ,, ,, ,, ,,이벤트발생
20160329,이벤트발생,, ,, ,, ,, ,, ,, ,, ,, ,, ,, ,, ,, ,, ,, ,, ,,이벤트발생
20160330,이벤트발생,, ,, ,, ,, ,, ,, ,, ,, ,, ,, ,, ,, ,, ,, ,, ,,이벤트발생
20160331,이벤트발생,, ,, ,, ,, ,, ,, ,, ,, ,, ,, ,, ,, ,, ,, ,, ,,이벤트발생
20160401,이벤트발생,, ,, ,, ,, ,, ,, ,, ,, ,, ,, ,, ,, ,, ,, ,, ,,이벤트발생
20160402,이벤트발생,, ,, ,, ,, ,, ,, ,, ,, ,, ,, ,, ,, ,, ,, ,, ,,이벤트발생
20160403,이벤트발생,, ,, ,, ,, ,, ,, ,, ,, ,, ,, ,, ,, ,, ,, ,, ,,이벤트발생
20160404,이벤트발생,, ,, ,, ,, ,, ,, ,, ,, ,, ,, ,, ,, ,, ,, ,, ,,이벤트발생
20160405,이벤트발생,, ,, ,, ,, ,, ,, ,, ,, ,, ,, ,, ,, ,, ,, ,, ,,이벤트발생
20160406,이벤트발생,, ,, ,, ,, ,, ,, ,, ,, ,, ,, ,, ,, ,, ,, ,, ,,이벤트발생
20160407,이벤트발생,, ,, ,, ,, ,, ,, ,, ,, ,, ,, ,, ,, ,, ,, ,, ,,이벤트발생
20160408,이벤트발생,, ,, ,, ,, ,, ,, ,, ,, ,, ,, ,, ,, ,, ,, ,, ,,이벤트발생
20160409,이벤트발생,, ,, ,, ,, ,, ,, ,, ,, ,, ,, ,, ,, ,, ,, ,, ,,이벤트발생
20160410,이벤트발생,, ,, ,, ,, ,, ,, ,, ,, ,, ,, ,, ,, ,, ,, ,, ,,이벤트발생
20160411,이벤트발생,, ,, ,, ,, ,, ,, ,, ,, ,, ,, ,, ,, ,, ,, ,, ,,이벤트발생
20160412,이벤트발생,, ,, ,, ,, ,, ,, ,, ,, ,, ,, ,, ,, ,, ,, ,, ,,이벤트발생
20160413,이벤트발생,, ,, ,, ,, ,, ,, ,, ,, ,, ,, ,, ,, ,, ,, ,, ,,이벤트발생
20160414,이벤트발생,, ,, ,, ,, ,, ,, ,, ,, ,, ,, ,, ,, ,, ,, ,, ,,이벤트발생
20160415,이벤트발생,, ,, ,, ,, ,, ,, ,, ,, ,, ,, ,, ,, ,, ,, ,, ,,이벤트발생
20160416,이벤트발생,, ,, ,, ,, ,, ,, ,, ,, ,, ,, ,, ,, ,, ,, ,, ,,이벤트발생
20160417,이벤트발생,, ,, ,, ,, ,, ,, ,, ,, ,, ,, ,, ,, ,, ,, ,, ,,이벤트발생
20160418,이벤트발생,, ,, ,, ,, ,, ,, ,, ,, ,, ,, ,, ,, ,, ,, ,, ,,이벤트발생
20160419,이벤트발생,, ,, ,, ,, ,, ,, ,, ,, ,, ,, ,, ,, ,, ,, ,, ,,이벤트발생
20160420,이벤트발생,, ,, ,, ,, ,, ,, ,, ,, ,, ,, ,, ,, ,, ,, ,, ,,이벤트발생
20160421,이벤트발생,, ,, ,, ,, ,, ,, ,, ,, ,, ,, ,, ,, ,, ,, ,, ,,이벤트발생
20160422,이벤트발생,, ,, ,, ,, ,, ,, ,, ,, ,, ,, ,, ,, ,, ,, ,, ,,이벤트발생
20160423,이벤트발생,, ,, ,, ,, ,, ,, ,, ,, ,, ,, ,, ,, ,, ,, ,, ,,이벤트발생
20160424,이벤트발생,, ,, ,, ,, ,, ,, ,, ,, ,, ,, ,, ,, ,, ,, ,, ,,이벤트발생
20160425,이벤트발생,, ,, ,, ,, ,, ,, ,, ,, ,, ,, ,, ,, ,, ,, ,, ,,이벤트발생
20160426,이벤트발생,, ,, ,, ,, ,, ,, ,, ,, ,, ,, ,, ,, ,, ,, ,, ,,이벤트발생
20160427,이벤트발생,, ,, ,, ,, ,, ,, ,, ,, ,, ,, ,, ,, ,, ,, ,, ,,이벤트발생
20160428,이벤트발생,, ,, ,, ,, ,, ,, ,, ,, ,, ,, ,, ,, ,, ,, ,, ,,이벤트발생
20160429,이벤트발생,, ,, ,, ,, ,, ,, ,, ,, ,, ,, ,, ,, ,, ,, ,, ,,이벤트발생
20160430,이벤트발생,, ,, ,, ,, ,, ,, ,, ,, ,, ,, ,, ,, ,, ,, ,, ,,이벤트발생
20160501,이벤트발생,, ,, ,, ,, ,, ,, ,, ,, ,, ,, ,, ,, ,, ,, ,, ,,이벤트발생
20160502,이벤트발생,, ,, ,, ,, ,, ,, ,, ,, ,, ,, ,, ,, ,, ,, ,, ,,이벤트발생
20160503,이벤트발생,, ,, ,, ,, ,, ,, ,, ,, ,, ,, ,, ,, ,, ,, ,, ,,이벤트발생
20160504,이벤트발생,, ,, ,, ,, ,, ,, ,, ,, ,, ,, ,, ,, ,, ,, ,, ,,이벤트발생
20160505,이벤트발생,, ,, ,, ,, ,, ,, ,, ,, ,, ,, ,, ,, ,, ,, ,, ,,이벤트발생
20160506,이벤트발생,, ,, ,, ,, ,, ,, ,, ,, ,, ,, ,, ,, ,, ,, ,, ,,이벤트발생
20160507,이벤트발생,, ,, ,, ,, ,, ,, ,, ,, ,, ,, ,, ,, ,, ,, ,, ,,이벤트발생
20160508,이벤트발생,, ,, ,, ,, ,, ,, ,, ,, ,, ,, ,, ,, ,, ,, ,, ,,이벤트발생
20160509,이벤트발생,, ,, ,, ,, ,, ,, ,, ,, ,, ,, ,, ,, ,, ,, ,, ,,이벤트발생
20160510,이벤트발생,, ,, ,, ,, ,, ,, ,, ,, ,, ,, ,, ,, ,, ,, ,, ,,이벤트발생
20160511,이벤트발생,, ,, ,, ,, ,, ,, ,, ,, ,, ,, ,, ,, ,, ,, ,, ,,이벤트발생
20160512,이벤트발생,, ,, ,, ,, ,, ,, ,, ,, ,, ,, ,, ,, ,, ,, ,, ,,이벤트발생
20160513,이벤트발생,, ,, ,, ,, ,, ,, ,, ,, ,, ,, ,, ,, ,, ,, ,, ,,이벤트발생
20160514,이벤트발생,, ,, ,, ,, ,, ,, ,, ,, ,, ,, ,, ,, ,, ,, ,, ,,이벤트발생
20160515,이벤트발생,, ,, ,, ,, ,, ,, ,, ,, ,, ,, ,, ,, ,, ,, ,, ,,이벤트발생
20160516,이벤트발생,, ,, ,, ,, ,, ,, ,, ,, ,, ,, ,, ,, ,, ,, ,, ,,이벤트발생
20160517,이벤트발생,, ,, ,, ,, ,, ,, ,, ,, ,, ,, ,, ,, ,, ,, ,, ,,이벤트발생
20160518,이벤트발생,, ,, ,, ,, ,, ,, ,, ,, ,, ,, ,, ,, ,, ,, ,, ,,이벤트발생
20160519,이벤트발생,, ,, ,, ,, ,, ,, ,, ,, ,, ,, ,, ,, ,, ,, ,, ,,이벤트발생
20160520,이벤트발생,, ,, ,, ,, ,, ,, ,, ,, ,, ,, ,, ,, ,, ,, ,, ,,이벤트발생
20160521,이벤트발생,, ,, ,, ,, ,, ,, ,, ,, ,, ,, ,, ,, ,, ,, ,, ,,이벤트발생
20160522,이벤트발생,, ,, ,, ,, ,, ,, ,, ,, ,, ,, ,, ,, ,, ,, ,, ,,이벤트발생
20160523,이벤트발생,, ,, ,, ,, ,, ,, ,, ,, ,, ,, ,, ,, ,, ,, ,, ,,이벤트발생
20160524,이벤트발생,, ,, ,, ,, ,, ,, ,, ,, ,, ,, ,, ,, ,, ,, ,, ,,이벤트발생
20160525,이벤트발생,, ,, ,, ,, ,, ,, ,, ,, ,, ,, ,, ,, ,, ,, ,, ,,이벤트발생
20160526,이벤트발생,, ,, ,, ,, ,, ,, ,, ,, ,, ,, ,, ,, ,, ,, ,, ,,이벤트발생
20160527,이벤트발생,, ,, ,, ,, ,, ,, ,, ,, ,, ,, ,, ,, ,, ,, ,, ,,이벤트발생
20160528,이벤트발생,, ,, ,, ,, ,, ,, ,, ,, ,, ,, ,, ,, ,, ,, ,, ,,이벤트발생
20160529,이벤트발생,, ,, ,, ,, ,, ,, ,, ,, ,, ,, ,, ,, ,, ,, ,, ,,이벤트발생
20160530,이벤트발생,, ,, ,, ,, ,, ,, ,, ,, ,, ,, ,, ,, ,, ,, ,, ,,이벤트발생
20160531,이벤트발생,, ,, ,, ,, ,, ,, ,, ,, ,, ,, ,, ,, ,, ,, ,, ,,이벤트발생
20160601,이벤트발생,, ,, ,, ,, ,, ,, ,, ,, ,, ,, ,, ,, ,, ,, ,, ,,이벤트발생
20160602,이벤트발생,, ,, ,, ,, ,, ,, ,, ,, ,, ,, ,, ,, ,, ,, ,, ,,이벤트발생
20160603,이벤트발생,, ,, ,, ,, ,, ,, ,, ,, ,, ,, ,, ,, ,, ,, ,, ,,이벤트발생
20160604,이벤트발생,, ,, ,, ,, ,, ,, ,, ,, ,, ,, ,, ,, ,, ,, ,, ,,이벤트발생
20160605,이벤트발생,, ,, ,, ,, ,, ,, ,, ,, ,, ,, ,, ,, ,, ,, ,, ,,이벤트발생
20160606,이벤트발생,, ,, ,, ,, ,, ,, ,, ,, ,, ,, ,, ,, ,, ,, ,, ,,이벤트발생
20160607,이벤트발생,, ,, ,, ,, ,, ,, ,, ,, ,, ,, ,, ,, ,, ,, ,, ,,이벤트발생
20160608,이벤트발생,, ,, ,, ,, ,, ,, ,, ,, ,, ,, ,, ,, ,, ,, ,, ,,이벤트발생
20160609,이벤트발생,, ,, ,, ,, ,, ,, ,, ,, ,, ,, ,, ,, ,, ,, ,, ,,이벤트발생
20160610,이벤트발생,, ,, ,, ,, ,, ,, ,, ,, ,, ,, ,, ,, ,, ,, ,, ,,이벤트발생
20160611,이벤트발생,, ,, ,, ,, ,, ,, ,, ,, ,, ,, ,, ,, ,, ,, ,, ,,이벤트발생
20160612,이벤트발생,, ,, ,, ,, ,, ,, ,, ,, ,, ,, ,, ,, ,, ,, ,, ,,이벤트발생
20160613,이벤트발생,, ,, ,, ,, ,, ,, ,, ,, ,, ,, ,, ,, ,, ,, ,, ,,이벤트발생
20160614,이벤트발생,, ,, ,, ,, ,, ,, ,, ,, ,, ,, ,, ,, ,, ,, ,, ,,이벤트발생
20160615,이벤트발생,, ,, ,, ,, ,, ,, ,, ,, ,, ,, ,, ,, ,, ,, ,, ,,이벤트발생
20160616,이벤트발생,, ,, ,, ,, ,, ,, ,, ,, ,, ,, ,, ,, ,, ,, ,, ,,이벤트발생
20160617,이벤트발생,, ,, ,, ,, ,, ,, ,, ,, ,, ,, ,, ,, ,, ,, ,, ,,이벤트발생
20160618,이벤트발생,, ,, ,, ,, ,, ,, ,, ,, ,, ,, ,, ,, ,, ,, ,, ,,이벤트발생
20160619,이벤트발생,, ,, ,, ,, ,, ,, ,, ,, ,, ,, ,, ,, ,, ,, ,, ,,이벤트발생
20160620,이벤트발생,, ,, ,, ,, ,, ,, ,, ,, ,, ,, ,, ,, ,, ,, ,, ,,이벤트발생
20160621,이벤트발생,, ,, ,, ,, ,, ,, ,, ,, ,, ,, ,, ,, ,, ,, ,, ,,이벤트발생
20160622,이벤트발생,, ,, ,, ,, ,, ,, ,, ,, ,, ,, ,, ,, ,, ,, ,, ,,이벤트발생
20160623,이벤트발생,, ,, ,, ,, ,, ,, ,, ,, ,, ,, ,, ,, ,, ,, ,, ,,이벤트발생
20160624,이벤트발생,, ,, ,, ,, ,, ,, ,, ,, ,, ,, ,, ,, ,, ,, ,, ,,이벤트발생
20160625,이벤트발생,, ,, ,, ,, ,, ,, ,, ,, ,, ,, ,, ,, ,, ,, ,, ,,이벤트발생
20160626,이벤트발생,, ,, ,, ,, ,, ,, ,, ,, ,, ,, ,, ,, ,, ,, ,, ,,이벤트발생
20160627,이벤트발생,, ,, ,, ,, ,, ,, ,, ,, ,, ,, ,, ,, ,, ,, ,, ,,이벤트발생
20160628,이벤트발생,, ,, ,, ,, ,, ,, ,, ,, ,, ,, ,, ,, ,, ,, ,, ,,이벤트발생
20160629,이벤트발생,, ,, ,, ,, ,, ,, ,, ,, ,, ,, ,, ,, ,, ,, ,, ,,이벤트발생
20160630,이벤트발생,, ,, ,, ,, ,, ,, ,, ,, ,, ,, ,, ,, ,, ,, ,, ,,이벤트발생
20160701,이벤트발생,, ,, ,, ,, ,, ,, ,, ,, ,, ,, ,, ,, ,, ,, ,, ,,이벤트발생
20160702,이벤트발생,, ,, ,, ,, ,, ,, ,, ,, ,, ,, ,, ,, ,, ,, ,, ,,이벤트발생
20160703,이벤트발생,, ,, ,, ,, ,, ,, ,, ,, ,, ,, ,, ,, ,, ,, ,, ,,이벤트발생
20160704,이벤트발생,, ,, ,, ,, ,, ,, ,, ,, ,, ,, ,, ,, ,, ,, ,, ,,이벤트발생
20160705,이벤트발생,, ,, ,, ,, ,, ,, ,, ,, ,, ,, ,, ,, ,, ,, ,, ,,이벤트발생
20160706,이벤트발생,, ,, ,, ,, ,, ,, ,, ,, ,, ,, ,, ,, ,, ,, ,, ,,이벤트발생
20160707,이벤트발생,, ,, ,, ,, ,, ,, ,, ,, ,, ,, ,, ,, ,, ,, ,, ,,이벤트발생
20160708,이벤트발생,, ,, ,, ,, ,, ,, ,, ,, ,, ,, ,, ,, ,, ,, ,, ,,이벤트발생
20160709,이벤트발생,, ,, ,, ,, ,, ,, ,, ,, ,, ,, ,, ,, ,, ,, ,, ,,이벤트발생
20160710,이벤트발생,, ,, ,, ,, ,, ,, ,, ,, ,, ,, ,, ,, ,, ,, ,, ,,이벤트발생
20160711,이벤트발생,, ,, ,, ,, ,, ,, ,, ,, ,, ,, ,, ,, ,, ,, ,, ,,이벤트발생
20160712,이벤트발생,, ,, ,, ,, ,, ,, ,, ,, ,, ,, ,, ,, ,, ,, ,, ,,이벤트발생
20160713,이벤트발생,, ,, ,, ,, ,, ,, ,, ,, ,, ,, ,, ,, ,, ,, ,, ,,이벤트발생
20160714,이벤트발생,, ,, ,, ,, ,, ,, ,, ,, ,, ,, ,, ,, ,, ,, ,, ,,이벤트발생
20160715,이벤트발생,, ,, ,, ,, ,, ,, ,, ,, ,, ,, ,, ,, ,, ,, ,, ,,이벤트발생
20160716,이벤트발생,, ,, ,, ,, ,, ,, ,, ,, ,, ,, ,, ,, ,, ,, ,, ,,이벤트발생
20160717,이벤트발생,, ,, ,, ,, ,, ,, ,, ,, ,, ,, ,, ,, ,, ,, ,, ,,이벤트발생
20160718,이벤트발생,, ,, ,, ,, ,, ,, ,, ,, ,, ,, ,, ,, ,, ,, ,, ,,이벤트발생
20160719,이벤트발생,, ,, ,, ,, ,, ,, ,, ,, ,, ,, ,, ,, ,, ,, ,, ,,이벤트발생
20160720,이벤트발생,, ,, ,, ,, ,, ,, ,, ,, ,, ,, ,, ,, ,, ,, ,, ,,이벤트발생
20160721,이벤트발생,, ,, ,, ,, ,, ,, ,, ,, ,, ,, ,, ,, ,, ,, ,, ,,이벤트발생
20160722,이벤트발생,, ,, ,, ,, ,, ,, ,, ,, ,, ,, ,, ,, ,, ,, ,, ,,이벤트발생
20160723,이벤트발생,, ,, ,, ,, ,, ,, ,, ,, ,, ,, ,, ,, ,, ,, ,, ,,이벤트발생
20160724,이벤트발생,, ,, ,, ,, ,, ,, ,, ,, ,, ,, ,, ,, ,, ,, ,, ,,이벤트발생
20160725,이벤트발생,, ,, ,, ,, ,, ,, ,, ,, ,, ,, ,, ,, ,, ,, ,, ,,이벤트발생
20160726,이벤트발생,, ,, ,, ,, ,, ,, ,, ,, ,, ,, ,, ,, ,, ,, ,, ,,이벤트발생
20160727,이벤트발생,, ,, ,, ,, ,, ,, ,, ,, ,, ,, ,, ,, ,, ,, ,, ,,이벤트발생
20160728,이벤트발생,, ,, ,, ,, ,, ,, ,, ,, ,, ,, ,, ,, ,, ,, ,, ,,이벤트발생
20160729,이벤트발생,, ,, ,, ,, ,, ,, ,, ,, ,, ,, ,, ,, ,, ,, ,, ,,이벤트발생
20160730,이벤트발생,, ,, ,, ,, ,, ,, ,, ,, ,, ,, ,, ,, ,, ,, ,, ,,이벤트발생
20160731,이벤트발생,, ,, ,, ,, ,, ,, ,, ,, ,, ,, ,, ,, ,, ,, ,, ,,이벤트발생
20160801,이벤트발생,, ,, ,, ,, ,, ,, ,, ,, ,, ,, ,, ,, ,, ,, ,, ,,이벤트발생
20160802,이벤트발생,, ,, ,, ,, ,, ,, ,, ,, ,, ,, ,, ,, ,, ,, ,, ,,이벤트발생
20160803,이벤트발생,, ,, ,, ,, ,, ,, ,, ,, ,, ,, ,, ,, ,, ,, ,, ,,이벤트발생
20160804,이벤트발생,, ,, ,, ,, ,, ,, ,, ,, ,, ,, ,, ,, ,, ,, ,, ,,이벤트발생
20160805,이벤트발생,, ,, ,, ,, ,, ,, ,, ,, ,, ,, ,, ,, ,, ,, ,, ,,이벤트발생
20160806,이벤트발생,, ,, ,, ,, ,, ,, ,, ,, ,, ,, ,, ,, ,, ,, ,, ,,이벤트발생
20160807,이벤트발생,, ,, ,, ,, ,, ,, ,, ,, ,, ,, ,, ,, ,, ,, ,, ,,이벤트발생
20160808,이벤트발생,, ,, ,, ,, ,, ,, ,, ,, ,, ,, ,, ,, ,, ,, ,, ,,이벤트발생
20160809,이벤트발생,, ,, ,, ,, ,, ,, ,, ,, ,, ,, ,, ,, ,, ,, ,, ,,이벤트발생
20160810,이벤트발생,, ,, ,, ,, ,, ,, ,, ,, ,, ,, ,, ,, ,, ,, ,, ,,이벤트발생
20160811,이벤트발생,, ,, ,, ,, ,, ,, ,, ,, ,, ,, ,, ,, ,, ,, ,, ,,이벤트발생
20160812,이벤트발생,, ,, ,, ,, ,, ,, ,, ,, ,, ,, ,, ,, ,, ,, ,, ,,이벤트발생
20160813,이벤트발생,, ,, ,, ,, ,, ,, ,, ,, ,, ,, ,, ,, ,, ,, ,, ,,이벤트발생
20160814,이벤트발생,, ,, ,, ,, ,, ,, ,, ,, ,, ,, ,, ,, ,, ,, ,, ,,이벤트발생
20160815,이벤트발생,, ,, ,, ,, ,, ,, ,, ,, ,, ,, ,, ,, ,, ,, ,, ,,이벤트발생
20160816,이벤트발생,, ,, ,, ,, ,, ,, ,, ,, ,, ,, ,, ,, ,, ,, ,, ,,이벤트발생
20160817,이벤트발생,, ,, ,, ,, ,, ,, ,, ,, ,, ,, ,, ,, ,, ,, ,, ,,이벤트발생
20160818,이벤트발생,, ,, ,, ,, ,, ,, ,, ,, ,, ,, ,, ,, ,, ,, ,, ,,이벤트발생
20160819,이벤트발생,, ,, ,, ,, ,, ,, ,, ,, ,, ,, ,, ,, ,, ,, ,, ,,이벤트발생
20160820,이벤트발생,, ,, ,, ,, ,, ,, ,, ,, ,, ,, ,, ,, ,, ,, ,, ,,이벤트발생
20160821,이벤트발생,, ,, ,, ,, ,, ,, ,, ,, ,, ,, ,, ,, ,, ,, ,, ,,이벤트발생
20160822,이벤트발생,, ,, ,, ,, ,, ,, ,, ,, ,, ,, ,, ,, ,, ,, ,, ,,이벤트발생
20160823,이벤트발생,, ,, ,, ,, ,, ,, ,, ,, ,, ,, ,, ,, ,, ,, ,, ,,이벤트발생
20160824,이벤트발생,, ,, ,, ,, ,, ,, ,, ,, ,, ,, ,, ,, ,, ,, ,, ,,이벤트발생
20160825,이벤트발생,, ,, ,, ,, ,, ,, ,, ,, ,, ,, ,, ,, ,, ,, ,, ,,이벤트발생
20160826,이벤트발생,, ,, ,, ,, ,, ,, ,, ,, ,, ,, ,, ,, ,, ,, ,, ,,이벤트발생
20160827,이벤트발생,, ,, ,, ,, ,, ,, ,, ,, ,, ,, ,, ,, ,, ,, ,, ,,이벤트발생
20160828,이벤트발생,, ,, ,, ,, ,, ,, ,, ,, ,, ,, ,, ,, ,, ,, ,, ,,이벤트발생
20160829,이벤트발생,, ,, ,, ,, ,, ,, ,, ,, ,, ,, ,, ,, ,, ,, ,, ,,이벤트발생
20160830,이벤트발생,, ,, ,, ,, ,, ,, ,, ,, ,, ,, ,, ,, ,, ,, ,, ,,이벤트발생
20160831,이벤트발생,, ,, ,, ,, ,, ,, ,, ,, ,, ,, ,, ,, ,, ,, ,, ,,이벤트발생
20160901,이벤트발생,, ,, ,, ,, ,, ,, ,, ,, ,, ,, ,, ,, ,, ,, ,, ,,이벤트발생
20160902,이벤트발생,, ,, ,, ,, ,, ,, ,, ,, ,, ,, ,, ,, ,, ,, ,, ,,이벤트발생
20160903,이벤트발생,, ,, ,, ,, ,, ,, ,, ,, ,, ,, ,, ,, ,, ,, ,, ,,이벤트발생
20160904,이벤트발생,, ,, ,, ,, ,, ,, ,, ,, ,, ,, ,, ,, ,, ,, ,, ,,이벤트발생
20160905,이벤트발생,, ,, ,, ,, ,, ,, ,, ,, ,, ,, ,, ,, ,, ,, ,, ,,이벤트발생
20160906,이벤트발생,, ,, ,, ,, ,, ,, ,, ,, ,, ,, ,, ,, ,, ,, ,, ,,이벤트발생
20160907,이벤트발생,, ,, ,, ,, ,, ,, ,, ,, ,, ,, ,, ,, ,, ,, ,, ,,이벤트발생
20160908,이벤트발생,, ,, ,, ,, ,, ,, ,, ,, ,, ,, ,, ,, ,, ,, ,, ,,이벤트발생
20160909,이벤트발생,, ,, ,, ,, ,, ,, ,, ,, ,, ,, ,, ,, ,, ,, ,, ,,이벤트발생
20160910,이벤트발생,, ,, ,, ,, ,, ,, ,, ,, ,, ,, ,, ,, ,, ,, ,, ,,이벤트발생
20160911,이벤트발생,, ,, ,, ,, ,, ,, ,, ,, ,, ,, ,, ,, ,, ,, ,, ,,이벤트발생
20160912,이벤트발생,, ,, ,, ,, ,, ,, ,, ,, ,, ,, ,, ,, ,, ,, ,, ,,이벤트발생
20160913,이벤트발생,, ,, ,, ,, ,, ,, ,, ,, ,, ,, ,, ,, ,, ,, ,, ,,이벤트발생
20160919,이벤트발생,, ,, ,, ,, ,, ,, ,, ,, ,, ,, ,, ,, ,, ,, ,, ,,이벤트발생
20160920,이벤트발생,, ,, ,, ,, ,, ,, ,, ,, ,, ,, ,, ,, ,, ,, ,, ,,이벤트발생
20160921,이벤트발생,, ,, ,, ,, ,, ,, ,, ,, ,, ,, ,, ,, ,, ,, ,, ,,이벤트발생
20160922,이벤트발생,, ,, ,, ,, ,, ,, ,, ,, ,, ,, ,, ,, ,, ,, ,, ,,이벤트발생
20160923,이벤트발생,, ,, ,, ,, ,, ,, ,, ,, ,, ,, ,, ,, ,, ,, ,, ,,이벤트발생
20160924,이벤트발생,, ,, ,, ,, ,, ,, ,, ,, ,, ,, ,, ,, ,, ,, ,, ,,이벤트발생
20160925,이벤트발생,, ,, ,, ,, ,, ,, ,, ,, ,, ,, ,, ,, ,, ,, ,, ,,이벤트발생
20160926, STA.0+104.120(P2 울산) 항타기 진입로 정리(C)STA.0+834.720(P15 울산) ~ STA.0+889.720(P16 울산) 2공구 진입로 정리(C) , STA.0+104.120(P2 울산) 항타기 진입로 정리(C)STA.0+834.720(P15 울산) ~ STA.0+889.720(P16 울산) 2공구 진입로 정리(C) ,"('토공', 'IC/JC', '토공기타', '토공기타')",, ,, ,, ,, ,, ,, ,, ,, ,, ,, ,, ,, ,, ,, ,,
20160927,STA.0+104.120(P2 울산) 기초 토공 정리(C)STA.0+834.720(P15 울산) ~ STA.0+889.720(P16 울산) 2공구 진입로 개설(C) ,STA.0+104.120(P2 울산) 기초 토공 정리(C)STA.0+834.720(P15 울산) ~ STA.0+889.720(P16 울산) 2공구 진입로 개설(C) ,"('토공', 'IC/JC', '토공기타', '토공기타')",, ,, ,, ,, ,, ,, ,, ,, ,, ,, ,, ,, ,, ,, ,,
20160928,STA.0+104.120(P2 울산) 기초 토공 정리(C)STA.0+834.720(P15 울산) ~ STA.0+889.720(P16 울산) 2공구 진입로 개설(C) ,STA.0+104.120(P2 울산) 기초 토공 정리(C)STA.0+834.720(P15 울산) ~ STA.0+889.720(P16 울산) 2공구 진입로 개설(C) ,"('토공', 'IC/JC', '토공기타', '토공기타')",, ,, ,, ,, ,, ,, ,, ,, ,, ,, ,, ,, ,, ,, ,,
20160929,기초 토공 정리(C)(STA.0+104)2공구 접속구간 공사용진입도로 개설(C)(STA.0+834 ~ STA.0+889) ,기초 토공 정리(C)(STA.0+104)2공구 접속구간 공사용진입도로 개설(C)(STA.0+834 ~ STA.0+889) ,"('토공', 'IC/JC', '토공기타', '토공기타')",, ,, ,, ,, ,, ,, ,, ,, ,, ,, ,, ,, ,, ,, ,,
20160930,이벤트발생,, ,, ,, ,, ,, ,, ,, ,, ,, ,, ,, ,, ,, ,, ,, ,,이벤트발생
20161001,이벤트발생,, ,, ,, ,, ,, ,, ,, ,, ,, ,, ,, ,, ,, ,, ,, ,,이벤트발생
20161002,2공구 접속구간 공사용진입도로 개설(C)(STA.0+834 ~ STA.0+889) ,2공구 접속구간 공사용진입도로 개설(C)(STA.0+834 ~ STA.0+889) ,"('토공', 'IC/JC', '토공기타', '토공기타')",, ,, ,, ,, ,, ,, ,, ,, ,, ,, ,, ,, ,, ,, ,,
20161003,2공구 접속구간 공사용진입도로 개설(C)(STA.0+834 ~ STA.0+889) ,2공구 접속구간 공사용진입도로 개설(C)(STA.0+834 ~ STA.0+889) ,"('토공', 'IC/JC', '토공기타', '토공기타')",, ,, ,, ,, ,, ,, ,, ,, ,, ,, ,, ,, ,, ,, ,,
20161004,2공구 접속구간 공사용진입도로 개설(C)(STA.0+834 ~ STA.0+889) ,2공구 접속구간 공사용진입도로 개설(C)(STA.0+834 ~ STA.0+889) ,"('토공', 'IC/JC', '토공기타', '토공기타')",, ,, ,, ,, ,, ,, ,, ,, ,, ,, ,, ,, ,, ,, ,,
20161005,우천으로 인한 배수로 정비 및 작업 대기 ,, ,, ,, ,, ,, ,, ,, ,, ,, ,, ,우천으로 인한 배수로 정비 및 작업 대기 ,"('토공', '지선/부체도로', '토공기타', '토공기타')",, ,, ,, ,, ,,
,,,,,,,,,,,,,,,,,,,,,,,,,,, ,, ,, ,,
,,,,,,,,,,,,,,,,,,,,,,,,,,, ,, ,, ,,
,,,,,,,,,,,,,,,,,,,,,,,,,,, ,, ,, ,,
